{"Mean":{"confidence_interval":{"confidence_level":0.95,"lower_bound":357398.3777799931,"upper_bound":372984.755716626},"point_estimate":364896.77911212225,"standard_error":4009.9238364604166},"Median":{"confidence_interval":{"confidence_level":0.95,"lower_bound":342182.5438596491,"upper_bound":359796.75925925927},"point_estimate":350040.7170294494,"standard_error":4525.595738118451},"MedianAbsDev":{"confidence_interval":{"confidence_level":0.95,"lower_bound":17030.92542982935,"upper_bound":36336.27705637268},"point_estimate":24686.647254032116,"standard_error":4986.661087713643},"Slope":{"confidence_interval":{"confidence_level":0.95,"lower_bound":352697.20807666716,"upper_bound":368495.6607779831},"point_estimate":360118.3443180139,"standard_error":4058.0099425721082},"StdDev":{"confidence_interval":{"confidence_level":0.95,"lower_bound":32339.944185200602,"upper_bound":47208.782948645014},"point_estimate":40297.16560439561,"standard_error":3793.0232578981486}}