{"Mean":{"confidence_interval":{"confidence_level":0.95,"lower_bound":0.05683818028921993,"upper_bound":0.10495223285809291},"point_estimate":0.08058417265116269,"standard_error":0.012242962794120548},"Median":{"confidence_interval":{"confidence_level":0.95,"lower_bound":0.028059091442087524,"upper_bound":0.0775307930191742},"point_estimate":0.05163805452484782,"standard_error":0.013331966019602756}}